{"cameraMode":{"drawMode":0,"name":"Shaded","section":"Shading Mode"},"sceneLighting":true,"audioPlay":false,"sceneViewState":{"showFog":false,"showMaterialUpdate":false,"showSkybox":false,"showFlares":false,"showImageEffects":false,"showParticleSystems":false},"in2DMode":false,"pivot":{"x":-0.9399999976158142,"y":1.0199999809265137,"z":-10.619999885559082},"rotation":{"x":-0.015310225076973439,"y":0.006906689144670963,"z":-0.0001383423659717664,"w":-0.9998984336853027},"size":22.0,"orthographic":false}